Catchment Information,,,,Reservoir Catchment Descriptors ,,,,,,,Signatures,,,,
Sample,Gauge ID,BFI,Gauge Area,Total Reservoir Catchment Area ,Upstream Reservoir Count,Upstream Capacity (Ml),Contributing Area (%) ,Use,Minimum Distance to Reservoir (m),Normalised Upstream Capacity (mm),WB,SFDC,LFV,E,SWRR
Reservoir,2001,0.47,553.1,136.2,1,34000,24.62,U,33.87,61.47,0.034,0.189,0.516,0.708,0.612
Reservoir,4001,0.57,962.5,755.2,7,524270,78.46,H,6.37,544.7,0.162,0.179,0.419,0.922,0.768
Reservoir,6007,0.61,1771,1724.8,13,8356096,97.39,H,7.75,4718.29,0.056,0.097,0.554,1.163,0.732
Reservoir,7003,0.53,217.4,14.4,1,1920,6.62,U,11.81,8.83,-0.056,0.133,0.666,1.006,0.566
Reservoir,7004,0.45,302.3,22.7,1,5455,7.51,U,41.5,18.04,-0.035,0.1,0.565,1.321,0.552
Reservoir,8002,0.55,1095,243.6,3,11280,22.25,H,31.52,10.3,-0.231,0.107,0.643,1.078,0.664
Reservoir,8005,0.59,1350,243.6,3,11280,18.04,H,49.13,8.36,-0.205,0.097,0.621,0.773,0.714
Reservoir,8006,0.6,2935.4,243.6,3,11280,8.3,H,123.52,3.84,-0.057,0.093,0.595,1.003,0.684
Reservoir,8010,0.59,1813.9,243.6,3,11280,13.43,H,63.28,6.22,-0.156,0.098,0.573,0.885,0.682
Reservoir,13007,0.51,747.2,59,1,2250,7.9,U,41.9,3.01,0.089,0.094,0.503,1.16,0.549
Reservoir,15003,0.64,3212.1,1748,12,523970,54.42,H,32.56,163.12,0.072,0.142,0.441,1.001,0.671
Reservoir,15006,0.65,4569.8,1806.7,15,564805,39.54,M,40.74,123.6,0.084,0.143,0.427,0.959,0.630
Reservoir,15007,0.63,1149.3,106.2,4,142090,9.24,H,8.78,123.63,0.002,0.101,0.42,1.017,0.701
Reservoir,15010,0.53,338.1,50.6,2,38838,14.97,WR,15.9,114.87,-0.001,0.109,0.542,0.978,0.550
Reservoir,15011,0.45,388.5,97.4,2,126040,25.07,H,36.51,324.43,-0.329,0.164,0.721,0.942,0.823
Reservoir,15012,0.63,1673.6,1641.8,8,381880,98.1,H,1.15,228.18,0.123,0.2,0.512,1.001,0.658
Reservoir,15016,0.65,597.4,4.3,1,13050,0.72,H,26.51,21.84,0.246,0.104,0.364,1.086,0.688
Reservoir,16001,0.5,589.6,177,3,82300,30.02,M,18.51,139.59,0.045,0.154,0.353,1.171,0.613
Reservoir,16004,0.52,783.9,177,3,82300,22.58,M,37.21,104.99,0.067,0.136,0.335,1.032,0.576
Reservoir,17001,0.35,142,14.4,1,21380,10.14,WR,16.29,150.56,-0.247,0.219,0.755,1.368,0.557
Reservoir,18002,0.53,179.6,62.3,3,12324,34.69,U,28.82,68.62,-0.091,0.135,0.555,0.836,0.614
Reservoir,18003,0.43,515.4,193.3,4,98936,37.5,WR,18.5,191.96,-0.052,0.161,0.675,1.334,0.661
Reservoir,18015,0.52,197.3,193.3,4,98936,97.97,WR,1.03,501.45,-0.267,0.443,0.905,1.502,0.613
Reservoir,19001,0.4,379.5,6.8,1,3802,1.79,U,29.17,10.02,0.035,0.16,0.594,1.167,0.520
Reservoir,19005,0.36,233,6.8,1,3802,2.92,U,15.42,16.32,0.011,0.151,0.63,1.351,0.526
Reservoir,19006,0.5,99,16.6,1,4087,16.77,U,26.02,41.28,0.042,0.159,0.531,0.977,0.537
Reservoir,19007,0.53,319.7,46,4,10628,14.39,WR,23.86,33.24,0.013,0.117,0.502,1.031,0.523
Reservoir,20001,0.53,307.3,3.5,1,1418,1.14,WR,26.39,4.61,0.026,0.115,0.503,1.139,0.459
Reservoir,20007,0.58,65.2,3.5,1,1418,5.37,WR,17.09,21.75,0.018,0.097,0.457,1.167,0.465
Reservoir,21003,0.55,698.7,55,3,26163,7.87,WR,29.46,37.45,-0.033,0.147,0.443,0.922,0.541
Reservoir,21005,0.55,377.2,45.8,2,23913,12.14,WR,24.42,63.4,-0.06,0.145,0.482,0.903,0.557
Reservoir,21006,0.51,1505.5,153.9,5,92753,10.22,WR,33.66,61.61,-0.001,0.133,0.472,0.716,0.556
Reservoir,21008,0.45,1122,22.9,1,2164,2.04,U,52.91,1.93,0.066,0.121,0.437,1.019,0.491
Reservoir,21009,0.52,4398.9,176.8,6,94917,4.02,WR,90.37,21.58,0.041,0.121,0.394,0.797,0.502
Reservoir,21011,0.47,232.5,98.9,2,66590,42.54,WR,23.42,286.41,-0.077,0.165,0.546,0.663,0.595
Reservoir,21014,0.45,138.7,45.8,2,23913,33.02,WR,6.52,172.41,-0.161,0.189,0.694,1.172,0.605
Reservoir,21018,0.58,174.8,9.2,1,2250,5.26,WR,22.81,12.87,0.014,0.139,0.447,1.036,0.509
Reservoir,21021,0.51,3346,176.8,6,94917,5.28,WR,64.64,28.37,0.022,0.13,0.392,1.031,0.510
Reservoir,21022,0.52,502.2,55,2,9991,10.95,WR,40.12,19.89,0.07,0.115,0.46,1.289,0.461
Reservoir,21034,0.49,116.2,98.9,2,66590,85.11,WR,2.34,573.06,-0.125,0.174,0.695,0.453,0.658
Reservoir,22007,0.37,283.1,30.4,1,3279,10.74,WR,18.57,11.58,0.055,0.145,0.353,1.281,0.357
Reservoir,23001,0.38,2173,256.8,6,222573,11.82,WR,32.61,102.43,0.062,0.12,0.488,1.089,0.522
Reservoir,23002,0.54,118.1,86.3,1,50060,73.07,WR,1.51,423.88,-0.327,0.335,0.865,0.896,0.705
Reservoir,23003,0.37,1013,236.7,2,209500,23.37,WR,38.15,206.81,0.079,0.125,0.395,0.765,0.559
Reservoir,23007,0.58,244,86.3,1,50060,35.37,WR,26.56,205.16,-0.092,0.217,0.642,1.309,0.561
Reservoir,23008,0.33,345.2,41.2,1,10500,11.94,WR,37.16,30.42,0.02,0.168,0.534,0.741,0.437
Reservoir,24001,0.43,661.1,44.8,3,10845,6.78,WR,41.82,16.4,0.065,0.169,0.532,0.803,0.464
Reservoir,24003,0.35,173.5,18.8,1,6438,10.84,WR,15.87,37.11,-0.103,0.156,0.641,1.33,0.517
Reservoir,24008,0.44,453.5,44.8,3,10845,9.88,WR,19.87,23.91,-0.049,0.155,0.508,1.148,0.486
Reservoir,24009,0.46,1004.9,44.8,3,10845,4.46,WR,72.36,10.79,0.078,0.175,0.533,1.195,0.471
Reservoir,25001,0.33,854.5,183,6,87922,21.42,WR,41,102.89,0.031,0.188,0.625,1.325,0.536
Reservoir,25009,0.38,1267.2,183,6,87922,14.44,WR,77.25,69.38,0.016,0.161,0.533,1.202,0.509
Reservoir,25018,0.42,241.9,57.8,1,40914,23.89,WR,19.89,169.14,0.061,0.176,0.754,0.908,0.744
Reservoir,27001,0.49,489.7,114.8,3,20617,23.44,WR,54.3,42.1,0.02,0.171,0.535,1.529,0.463
Reservoir,27002,0.39,758.5,121.8,8,51588,16.06,WR,24.08,68.01,0.028,0.149,0.641,1.043,0.568
Reservoir,27003,0.51,1936,39.6,7,18650,2.05,WR,68.81,9.63,0.105,0.177,0.596,1.166,0.566
Reservoir,27005,0.49,115.4,114.8,3,20617,99.48,WR,0.07,178.66,-0.102,0.287,0.677,1.157,0.491
Reservoir,27006,0.5,362.5,115.5,10,39197,31.86,WR,14.57,108.13,-0.098,0.174,0.674,1.303,0.531
Reservoir,27007,0.39,912.6,22.6,2,7283,2.48,WR,38.77,7.98,0.086,0.149,0.568,1.254,0.537
Reservoir,27009,0.44,3305.4,137.4,5,27900,4.16,WR,75.52,8.44,0.063,0.149,0.47,1.149,0.456
Reservoir,27021,0.56,1252.8,115.5,10,39197,9.22,WR,51.37,31.29,0.133,0.183,0.631,1.163,0.560
Reservoir,27028,0.49,686.9,16.2,3,1082,2.36,WR,32.41,1.58,0.135,0.171,0.578,1.18,0.571
Reservoir,27029,0.49,340.7,14.2,3,14308,4.17,WR,12.62,42,-0.016,0.196,0.659,0.902,0.571
Reservoir,27031,0.4,245.5,9.2,1,3260,3.75,WR,22.71,13.28,-0.1,0.146,0.623,1.618,0.480
Reservoir,27043,0.33,432,32.9,3,26552,7.62,WR,13.89,61.46,0.029,0.166,0.703,1.115,0.604
Reservoir,27053,0.45,219.2,114.8,3,20617,52.37,WR,16.39,94.05,-0.055,0.197,0.591,1.115,0.474
Reservoir,27062,0.49,520.7,114.8,3,20617,22.05,WR,65.86,39.59,0.033,0.178,0.504,1.289,0.454
Reservoir,27065,0.49,98.3,9.2,1,3260,9.36,WR,14.99,33.16,-0.076,0.175,0.583,1.223,0.527
Reservoir,28001,0.47,126.8,125.6,3,46260,99.05,WR,0.56,364.83,-0.286,0.383,0.907,2.06,0.454
Reservoir,28008,0.62,397.4,9.5,1,36000,2.39,WR,23.17,90.59,0.077,0.126,0.421,1.203,0.499
Reservoir,28009,0.64,7472,424,13,141905,5.67,WR,37.93,18.99,0.123,0.186,0.567,1.328,0.480
Reservoir,28012,0.7,1245.2,119.4,1,18200,9.59,WR,9.42,14.62,0.104,0.139,0.551,1.133,0.544
Reservoir,28018,0.6,879.6,38.1,2,42440,4.33,WR,54.66,48.25,0.061,0.117,0.451,1.029,0.474
Reservoir,28019,0.66,3069.2,165.1,2,20121,5.38,WR,28.49,6.56,0.24,0.144,0.643,1.29,0.578
Reservoir,28022,0.65,8212.5,424,13,141905,5.16,WR,80.02,17.28,0.127,0.164,0.542,1.643,0.476
Reservoir,28043,0.56,343.7,125.6,3,46260,36.54,WR,23.6,134.59,-0.075,0.171,0.551,1.82,0.487
Reservoir,28048,0.51,128.9,27.8,1,6180,21.57,WR,9.89,47.94,0.053,0.188,0.639,1.377,0.480
Reservoir,28061,0.46,136.5,28.6,1,6440,20.95,WR,13.82,47.18,-0.073,0.173,0.64,0.763,0.566
Reservoir,28067,0.64,1174,153.4,4,52440,13.07,WR,49.81,44.67,0.011,0.139,0.478,1.432,0.498
Reservoir,28080,0.69,795.4,45.7,1,1921,5.75,WR,1.76,2.42,0.506,0.222,0.791,0.622,0.697
Reservoir,28085,0.63,1052.5,153.4,4,52440,14.57,WR,31.51,49.82,-0.018,0.159,0.446,1.059,0.486
Reservoir,31004,0.51,712.6,130.5,2,132096,18.31,WR,24.49,185.37,0.029,0.072,0.664,0.718,0.359
Reservoir,31006,0.84,148.8,73.6,1,124000,49.46,WR,20.05,833.33,0.006,0.178,0.704,1.223,0.559
Reservoir,37013,0.36,74.4,12.9,1,27721,17.34,WR,7.94,372.59,0.125,0.183,0.696,1.143,0.240
Reservoir,40003,0.4,1261,52.8,3,47041,4.19,WR,30.1,37.3,0.033,0.224,0.726,1.236,0.327
Reservoir,40004,0.35,204.7,8.4,1,4730,4.1,WR,8.03,23.11,-0.009,0.22,0.671,1.227,0.281
Reservoir,40007,0.48,252.1,26.1,1,5623,10.35,WR,17.76,22.3,0.021,0.124,0.568,1.157,0.376
Reservoir,40009,0.46,134.9,21,1,31400,15.57,WR,7.28,232.77,-0.019,0.161,0.819,0.96,0.666
Reservoir,40010,0.35,224.4,5.7,1,10018,2.54,WR,6.19,44.64,-0.009,0.205,0.767,1.408,0.340
Reservoir,41003,0.27,130,2.1,1,3546,1.62,WR,1.7,27.28,-0.022,0.21,0.732,1.475,0.227
Reservoir,41005,0.5,182.7,21.8,1,5206,11.93,WR,16.82,28.49,0.045,0.198,0.619,0.96,0.406
Reservoir,41024,0.51,22.9,21.8,1,5206,95.2,WR,0.29,227.34,-0.007,0.132,0.591,0.407,0.736
Reservoir,45001,0.51,606.7,29.1,1,21541,4.8,WR,43.61,35.51,0.052,0.158,0.418,1.255,0.462
Reservoir,45002,0.51,420.6,29.1,1,21541,6.92,WR,22.02,51.21,0.031,0.153,0.405,1.329,0.505
Reservoir,45009,0.51,147.8,29.1,1,21541,19.69,WR,6.15,145.74,0.02,0.203,0.509,1.197,0.529
Reservoir,47001,0.46,920.2,30.1,1,36910,3.27,WR,33.96,40.11,0.037,0.15,0.386,1.21,0.419
Reservoir,47008,0.43,112.8,30.1,1,36910,26.68,WR,6.39,327.22,0.007,0.078,0.434,0.988,0.451
Reservoir,48001,0.64,36.8,8,1,3364,21.74,WR,0.76,91.41,0.031,0.104,0.349,1.229,0.586
Reservoir,48007,0.67,26.9,8.7,1,5420,32.34,WR,6.21,201.49,-0.175,0.115,0.367,1.423,0.495
Reservoir,48009,0.68,22.9,12.1,1,29100,52.84,WR,7.22,1270.74,-0.041,0.084,0.779,0.251,1.002
Reservoir,48011,0.62,167.2,20.1,2,32464,12.02,WR,20.46,194.16,-0.057,0.156,0.306,1.016,0.496
Reservoir,50002,0.39,664.1,16.6,1,3170,2.5,WR,48.34,4.77,0.036,0.124,0.43,1.343,0.402
Reservoir,52005,0.6,201.1,18,1,5364,8.95,WR,32.04,26.67,0.002,0.139,0.361,0.909,0.421
Reservoir,52006,0.42,216.4,29.7,1,2600,13.72,WR,7.3,12.01,-0.008,0.175,0.491,1.707,0.340
Reservoir,52014,0.58,57.7,18,1,5364,31.2,WR,14.99,92.96,-0.076,0.15,0.364,1.197,0.377
Reservoir,53004,0.62,129.1,75.4,2,20500,58.4,WR,11.49,158.79,-0.191,0.21,0.61,0.825,0.436
Reservoir,54001,0.53,4329.6,123.2,3,111743,2.85,WR,16.61,25.81,-0.001,0.182,0.375,0.922,0.409
Reservoir,54003,0.36,73.9,73.9,1,59852,100,WR,0.05,809.91,-0.318,0.357,0.906,1.627,0.515
Reservoir,54005,0.48,2027,122.9,2,108680,6.06,WR,72.21,53.62,0.004,0.182,0.431,1.275,0.457
Reservoir,54014,0.44,574,49,1,48828,8.54,WR,45.19,85.07,0.003,0.146,0.493,1.203,0.505
Reservoir,54028,0.44,779.2,73.9,1,59852,9.48,WR,46.88,76.81,-0.009,0.129,0.429,1.234,0.480
Reservoir,54032,0.57,6863.4,123.2,3,111743,1.8,WR,66.68,16.28,0.023,0.183,0.362,1.047,0.391
Reservoir,54057,0.57,9868.4,123.2,3,111743,1.25,WR,81.14,11.32,0.048,0.163,0.401,1.113,0.381
Reservoir,54080,0.44,174.4,49,1,48828,28.1,WR,11.3,279.98,-0.009,0.104,0.569,0.899,0.710
Reservoir,54081,0.48,49.1,49,1,48828,99.8,WR,0.14,994.46,-0.008,0.23,0.473,0.77,1.144
Reservoir,55002,0.46,1895,183.4,5,100692,9.68,WR,114.44,53.14,0.054,0.125,0.463,1.263,0.510
Reservoir,55007,0.41,1283.4,183.4,5,100692,14.29,WR,40.01,78.46,0.002,0.164,0.501,1.218,0.500
Reservoir,55023,0.54,4017,183.4,5,100692,4.57,WR,201.74,25.07,0.041,0.117,0.354,1.28,0.426
Reservoir,55032,0.33,183.8,183.4,5,100692,99.78,WR,0.14,547.83,-0.288,0.327,0.919,1.436,0.458
Reservoir,56001,0.5,915.2,46.9,3,27183,5.12,WR,45.16,29.7,0.062,0.125,0.428,1.227,0.508
Reservoir,57005,0.46,456.3,71.3,4,16088,15.63,WR,30.59,35.26,0.012,0.162,0.638,1.197,0.618
Reservoir,57007,0.46,194.3,71.3,4,16088,36.7,WR,22.73,82.8,-0.094,0.195,0.651,1.313,0.580
Reservoir,57015,0.38,110.2,71.3,4,16088,64.7,WR,7.46,145.99,-0.205,0.268,0.802,1.237,0.575
Reservoir,58002,0.35,191,9.7,1,3277,5.08,WR,24.79,17.16,0.058,0.136,0.667,1.102,0.667
Reservoir,58006,0.36,65.1,9.7,1,3277,14.9,WR,11.42,50.34,0.021,0.172,0.689,1.127,0.682
Reservoir,60007,0.44,220.3,87.3,1,32882,39.63,WR,19.24,149.26,0.123,0.224,0.675,0.963,0.665
Reservoir,60010,0.46,1091.3,87.3,1,32882,8,WR,72.48,30.13,0.042,0.122,0.446,1.179,0.564
Reservoir,65006,0.41,80.3,24.1,1,1870,30.01,H,12.86,23.29,0.083,0.104,0.615,1.194,0.723
Reservoir,65007,0.38,51.4,3.7,1,2902,7.2,WR,7.65,56.46,0.032,0.086,0.624,1.124,0.724
Reservoir,66011,0.28,339.9,2.3,1,1776,0.68,WR,19.91,5.23,0.067,0.106,0.71,1.223,0.678
Reservoir,67001,0.51,262.8,209.5,2,147710,79.72,WR,1.16,562.06,0.056,0.174,0.599,0.941,0.801
Reservoir,67003,0.42,23.4,19.8,1,54273,84.62,WR,0.85,2319.36,-0.001,0.25,0.895,0.027,1.147
Reservoir,67006,0.48,185.5,43.3,2,69027,23.34,WR,17.63,372.11,-0.004,0.121,0.462,1.146,0.531
Reservoir,67015,0.53,1009.6,252.8,4,216737,25.04,WR,68.22,214.68,0.022,0.244,0.526,0.941,0.592
Reservoir,67017,0.42,60.1,59.9,1,40959,99.67,WR,0.14,681.51,0.158,0.318,0.638,0.186,1.245
Reservoir,69002,0.5,556,53.6,7,21505,9.64,WR,23.34,38.68,0.139,0.22,0.765,0.948,0.657
Reservoir,69007,0.54,643.5,121.6,8,32624,18.9,WR,46.41,50.7,0.026,0.145,0.596,1.269,0.587
Reservoir,69008,0.51,58.9,3.1,1,1932,5.26,WR,19.23,32.8,-0.027,0.086,0.41,1.246,0.486
Reservoir,69015,0.52,149.4,68.7,4,16388,45.98,WR,12.05,109.69,-0.11,0.176,0.64,1.433,0.555
Reservoir,69017,0.54,182.4,29.4,3,11188,16.12,WR,17.64,61.34,-0.028,0.164,0.485,1.499,0.501
Reservoir,69023,0.51,187.3,9.4,2,6678,5.02,WR,12.88,35.65,0.049,0.189,0.685,1.201,0.620
Reservoir,69024,0.4,142.6,44.2,5,14827,31,WR,8.76,103.97,-0.086,0.198,0.769,1.136,0.618
Reservoir,69027,0.57,146.5,23.5,1,5048,16.04,WR,27.07,34.46,0.135,0.172,0.656,0.871,0.644
Reservoir,69041,0.59,115.8,23.5,1,5048,20.29,WR,18.86,43.59,0.14,0.127,0.601,1.191,0.652
Reservoir,70002,0.52,165.7,3.3,3,13812,1.99,WR,35.24,83.36,0.272,0.092,0.61,1.123,0.631
Reservoir,70003,0.58,52.2,3.3,3,13812,6.32,WR,16.94,264.6,0.077,0.169,0.653,0.987,0.616
Reservoir,71001,0.33,1145,36.9,1,11800,3.22,WR,59.06,10.31,0.032,0.168,0.682,1.028,0.596
Reservoir,71002,0.16,37.5,36.9,1,11800,98.4,WR,0.12,314.67,-0.443,0.65,1,1.897,0.186
Reservoir,71008,0.31,258.1,36.9,1,11800,14.3,WR,29.9,45.72,-0.057,0.173,0.72,1.228,0.619
Reservoir,71009,0.33,1047.6,36.9,1,11800,3.52,WR,34.69,11.26,0.038,0.178,0.674,1.17,0.589
Reservoir,72002,0.33,274.7,0,2,592,0,WR,13.36,2.16,-0.002,0.149,0.645,1.493,0.560
Reservoir,72008,0.31,113.3,0.3,2,592,0.26,WR,5.94,5.23,0.039,0.138,0.694,1.313,0.634
Reservoir,74001,0.3,85.2,4.2,1,2945,4.93,WR,14.05,34.57,0.031,0.142,0.713,1.171,0.769
Reservoir,74003,0.36,44.7,44.2,1,3400,98.88,WR,0.31,76.06,-0.101,0.207,0.768,1.509,0.771
Reservoir,74005,0.43,133.3,44.2,1,3400,33.16,WR,16.6,25.51,-0.043,0.168,0.711,1.256,0.706
Reservoir,74008,0.26,47,4.2,1,2945,8.94,WR,7.41,62.66,-0.001,0.16,0.768,1.138,0.798
Reservoir,75001,0.36,42.1,30,1,40714,71.26,WR,1.75,967.08,-0.634,0.421,0.969,0.834,0.414
Reservoir,75003,0.51,362.3,30,1,40714,8.28,WR,29.54,112.38,-0.08,0.113,0.546,1.169,0.659
Reservoir,75004,0.44,114.7,62.7,1,3400,54.66,WR,9.69,29.64,-0.049,0.151,0.594,1.122,0.693
Reservoir,75005,0.43,236.4,30,1,40714,12.69,WR,18.83,172.23,-0.113,0.103,0.601,1.229,0.693
Reservoir,75016,0.38,63.2,62.7,1,3400,99.21,WR,0.65,53.8,0.027,0.126,0.653,1.373,0.697
Reservoir,76001,0.51,32.4,31.6,1,84840,97.53,WR,0.1,2618.52,-0.644,0.395,0.981,2.282,0.618
Reservoir,76003,0.52,407,41.8,2,87122,10.27,WR,24.3,214.06,-0.095,0.104,0.563,1.355,0.653
Reservoir,76004,0.4,154.9,41.8,2,87122,26.99,WR,17.49,562.44,-0.364,0.207,0.719,1.235,0.540
Reservoir,76007,0.49,2276.1,41.8,2,87122,1.84,WR,85.87,38.28,-0.01,0.138,0.53,1.126,0.544
Reservoir,77002,0.39,495.7,18.1,1,3147,3.65,U,45.57,6.35,0.04,0.133,0.614,0.991,0.641
Reservoir,79002,0.39,794.4,8.1,1,2888,1.02,U,68,3.64,0.033,0.129,0.563,1.174,0.594
Reservoir,79003,0.27,152.9,8.1,1,2888,5.3,U,17.69,18.89,0.04,0.149,0.674,1.311,0.561
Reservoir,79005,0.37,237.2,13.5,1,1618,5.69,U,12.57,6.82,0.032,0.112,0.54,1.239,0.588
Reservoir,79006,0.34,470,8.1,1,2888,1.72,U,46.3,6.14,0.034,0.134,0.604,1.24,0.583
Reservoir,80002,0.41,935.8,765.4,9,192371,81.79,H,7.06,205.57,-0.044,0.186,0.408,1.173,0.619
Reservoir,81003,0.23,170,16.5,1,2591,9.71,U,15.21,15.24,0.03,0.14,0.698,1.352,0.622
Reservoir,82001,0.34,247.2,20.7,3,23310,8.37,WR,5.88,94.3,-0.066,0.103,0.56,1.457,0.511
Reservoir,83009,0.23,174.4,18.9,3,8937,10.84,U,17.5,51.24,-0.032,0.117,0.714,1.33,0.585
Reservoir,84001,0.43,335.9,1.3,1,2500,0.39,U,8.06,7.44,-0.054,0.139,0.619,1.151,0.648
Reservoir,84003,0.51,1093.2,80.5,3,36735,7.36,WR,50.29,33.6,0.072,0.12,0.493,1.234,0.545
Reservoir,84004,0.51,740.3,80.5,3,36735,10.87,WR,33.99,49.62,0.013,0.126,0.522,0.991,0.576
Reservoir,84005,0.45,1696.7,80.5,3,36735,4.74,WR,76.54,21.65,0.05,0.159,0.568,1.223,0.540
Reservoir,84011,0.34,97.8,22.9,3,17159,23.42,WR,14.65,175.45,-0.028,0.138,0.616,0.954,0.598
Reservoir,84012,0.36,232.1,4.9,1,1634,2.11,U,33.01,7.04,-0.029,0.138,0.602,1.225,0.556
Reservoir,84013,0.46,1908,96.6,4,40423,5.06,WR,26.49,21.19,0.045,0.174,0.592,1.127,0.565
Reservoir,84018,0.51,943.1,80.5,3,36735,8.54,WR,40.64,38.95,0.05,0.122,0.527,1.207,0.557
Reservoir,84019,0.47,129.3,16.1,1,3688,12.45,U,23.37,28.52,0.025,0.138,0.57,0.913,0.541
Reservoir,85001,0.76,793.6,793.4,4,180975,99.97,M,0.4,228.04,0.045,0.3,0.164,1.102,0.669
Reservoir,85002,0.3,221.4,3.2,1,3692,1.45,U,11.86,16.68,-0.006,0.143,0.663,0.981,0.592
Reservoir,97002,0.46,414.7,206,1,5160,49.67,U,26.39,12.44,0.014,0.066,0.44,1.233,0.530
Benchmark,3003,0.23,331.5,NA,NA,NA,NA,NA,NA,NA,-0.022,0.129,0.709,1.027,0.736
Benchmark,7001,0.36,418.7,NA,NA,NA,NA,NA,NA,NA,0.182,0.104,0.62,0.972,0.589
Benchmark,8004,0.56,540.8,NA,NA,NA,NA,NA,NA,NA,0.104,0.087,0.639,1.18,0.704
Benchmark,8009,0.45,272.1,NA,NA,NA,NA,NA,NA,NA,0.065,0.11,0.614,1.075,0.537
Benchmark,12001,0.53,1380,NA,NA,NA,NA,NA,NA,NA,0.11,0.06,0.555,0.753,0.638
Benchmark,12005,0.51,109.4,NA,NA,NA,NA,NA,NA,NA,0.06,0.051,0.562,0.911,0.700
Benchmark,16003,0.29,101.2,NA,NA,NA,NA,NA,NA,NA,0.006,0.113,0.713,1.078,0.711
Benchmark,17005,0.42,196.5,NA,NA,NA,NA,NA,NA,NA,0.089,0.181,0.604,1.131,0.513
Benchmark,18001,0.45,162,NA,NA,NA,NA,NA,NA,NA,0.001,0.117,0.517,1.04,0.601
Benchmark,21023,0.34,113,NA,NA,NA,NA,NA,NA,NA,0.131,0.086,0.464,0.734,0.310
Benchmark,21024,0.41,140.5,NA,NA,NA,NA,NA,NA,NA,0.075,0.151,0.532,0.844,0.492
Benchmark,22001,0.44,577.3,NA,NA,NA,NA,NA,NA,NA,0.07,0.126,0.403,0.896,0.448
Benchmark,23004,0.34,750.5,NA,NA,NA,NA,NA,NA,NA,0.05,0.112,0.611,1.22,0.542
Benchmark,24004,0.47,74.2,NA,NA,NA,NA,NA,NA,NA,0.087,0.129,0.402,1.974,0.480
Benchmark,25006,0.21,86.7,NA,NA,NA,NA,NA,NA,NA,0.169,0.136,0.696,1.284,0.510
Benchmark,26003,0.96,85.5,NA,NA,NA,NA,NA,NA,NA,0.059,0.113,0.344,1.505,0.650
Benchmark,27035,0.37,283.2,NA,NA,NA,NA,NA,NA,NA,0.064,0.156,0.572,1.257,0.492
Benchmark,27042,0.58,59.8,NA,NA,NA,NA,NA,NA,NA,0.129,0.12,0.356,1.296,0.488
Benchmark,27047,0.18,11.2,NA,NA,NA,NA,NA,NA,NA,0.087,0.141,0.792,0.976,0.671
Benchmark,27051,0.31,8.2,NA,NA,NA,NA,NA,NA,NA,0.088,0.145,0.46,1.492,0.338
Benchmark,27071,0.47,1347.4,NA,NA,NA,NA,NA,NA,NA,0.142,0.148,0.467,1.134,0.467
Benchmark,28046,0.79,85.6,NA,NA,NA,NA,NA,NA,NA,0.108,0.101,0.288,1.087,0.527
Benchmark,28072,0.67,59.9,NA,NA,NA,NA,NA,NA,NA,0.032,0.116,0.594,1.539,0.481
Benchmark,29003,0.9,36,NA,NA,NA,NA,NA,NA,NA,0.286,0.119,0.502,1.415,0.531
Benchmark,29009,0.53,34,NA,NA,NA,NA,NA,NA,NA,0.058,0.108,0.189,1.979,0.223
Benchmark,30004,0.65,64.2,NA,NA,NA,NA,NA,NA,NA,0.093,0.099,0.466,1.424,0.441
Benchmark,30012,0.44,38.2,NA,NA,NA,NA,NA,NA,NA,0.113,0.099,0.339,2.13,0.236
Benchmark,30015,0.89,41.3,NA,NA,NA,NA,NA,NA,NA,0.097,0.146,0.256,1.969,0.441
Benchmark,31023,0.13,4.2,NA,NA,NA,NA,NA,NA,NA,0.038,0.374,0.81,2.764,0.233
Benchmark,32003,0.48,70.5,NA,NA,NA,NA,NA,NA,NA,0.138,0.191,0.633,1.639,0.321
Benchmark,33018,0.54,132.5,NA,NA,NA,NA,NA,NA,NA,0.136,0.142,0.497,1.067,0.339
Benchmark,33019,0.78,311.4,NA,NA,NA,NA,NA,NA,NA,0.137,0.118,0.262,1.811,0.381
Benchmark,33029,0.84,96.1,NA,NA,NA,NA,NA,NA,NA,0.069,0.128,0.174,1.188,0.355
Benchmark,34011,0.83,167,NA,NA,NA,NA,NA,NA,NA,-0.02,0.094,0.435,0.626,0.473
Benchmark,36003,0.63,54.6,NA,NA,NA,NA,NA,NA,NA,0.14,0.142,0.577,0.785,0.364
Benchmark,36009,0.32,25.6,NA,NA,NA,NA,NA,NA,NA,0.127,0.086,0.566,0.925,0.211
Benchmark,36010,0.23,27.7,NA,NA,NA,NA,NA,NA,NA,0.144,0.157,0.677,1.523,0.203
Benchmark,37005,0.52,236.2,NA,NA,NA,NA,NA,NA,NA,0.16,0.142,0.518,1.289,0.312
Benchmark,38026,0.38,52.6,NA,NA,NA,NA,NA,NA,NA,0.136,0.141,0.494,1.774,0.270
Benchmark,39017,0.17,21,NA,NA,NA,NA,NA,NA,NA,0.056,0.164,0.755,1.248,0.175
Benchmark,39019,0.96,235.4,NA,NA,NA,NA,NA,NA,NA,0.015,0.149,0.575,0.867,0.716
Benchmark,39020,0.93,107.3,NA,NA,NA,NA,NA,NA,NA,0.095,0.172,0.256,0.689,0.480
Benchmark,39025,0.54,148.2,NA,NA,NA,NA,NA,NA,NA,-0.019,0.117,0.397,1.353,0.329
Benchmark,39028,0.95,100.1,NA,NA,NA,NA,NA,NA,NA,-0.111,0.172,0.363,0.861,0.594
Benchmark,39034,0.71,427.3,NA,NA,NA,NA,NA,NA,NA,0.118,0.146,0.306,1.277,0.355
Benchmark,39065,0.98,11,NA,NA,NA,NA,NA,NA,NA,-0.091,0.166,0.535,1.216,0.911
Benchmark,40005,0.24,277.6,NA,NA,NA,NA,NA,NA,NA,0.067,0.167,0.696,1.289,0.180
Benchmark,40011,0.7,341.4,NA,NA,NA,NA,NA,NA,NA,0.047,0.148,0.51,0.845,0.484
Benchmark,41022,0.35,52.7,NA,NA,NA,NA,NA,NA,NA,-0.014,0.16,0.587,1.447,0.298
Benchmark,41025,0.23,91.9,NA,NA,NA,NA,NA,NA,NA,0.104,0.183,0.699,1.471,0.240
Benchmark,41027,0.6,35.8,NA,NA,NA,NA,NA,NA,NA,0.044,0.158,0.529,1.024,0.478
Benchmark,41029,0.38,40.9,NA,NA,NA,NA,NA,NA,NA,0.013,0.136,0.506,1.375,0.266
Benchmark,42003,0.36,100.3,NA,NA,NA,NA,NA,NA,NA,-0.016,0.107,0.471,1.215,0.335
Benchmark,42008,0.96,73.2,NA,NA,NA,NA,NA,NA,NA,-0.13,0.085,0.393,0.96,0.673
Benchmark,42010,0.96,329.6,NA,NA,NA,NA,NA,NA,NA,0.221,0.114,0.513,0.701,0.792
Benchmark,42016,0.98,234.1,NA,NA,NA,NA,NA,NA,NA,0.257,0.104,0.574,0.58,0.873
Benchmark,43014,0.89,85.9,NA,NA,NA,NA,NA,NA,NA,0.026,0.139,0.68,0.699,0.704
Benchmark,44006,0.87,12.1,NA,NA,NA,NA,NA,NA,NA,-0.071,0.159,0.408,0.986,0.623
Benchmark,44009,0.94,8,NA,NA,NA,NA,NA,NA,NA,1.029,0.152,0.284,1.051,0.589
Benchmark,45005,0.53,202.8,NA,NA,NA,NA,NA,NA,NA,0.024,0.206,0.629,0.91,0.559
Benchmark,46003,0.52,250,NA,NA,NA,NA,NA,NA,NA,0.019,0.117,0.432,1.159,0.590
Benchmark,46005,0.44,22,NA,NA,NA,NA,NA,NA,NA,0.046,0.119,0.563,0.986,0.705
Benchmark,47009,0.61,37.4,NA,NA,NA,NA,NA,NA,NA,0.028,0.143,0.32,1.334,0.431
Benchmark,48003,0.67,88.9,NA,NA,NA,NA,NA,NA,NA,0.001,0.121,0.254,1.444,0.504
Benchmark,48004,0.71,25.4,NA,NA,NA,NA,NA,NA,NA,0.081,0.119,0.247,1.009,0.552
Benchmark,49004,0.68,40.8,NA,NA,NA,NA,NA,NA,NA,0.035,0.123,0.099,1.87,0.380
Benchmark,52010,0.48,144.1,NA,NA,NA,NA,NA,NA,NA,0.066,0.158,0.375,1.771,0.355
Benchmark,52016,0.71,15.7,NA,NA,NA,NA,NA,NA,NA,-0.012,0.146,0.391,1.217,0.501
Benchmark,53006,0.39,155.6,NA,NA,NA,NA,NA,NA,NA,0.043,0.144,0.558,1.445,0.330
Benchmark,53008,0.58,302.5,NA,NA,NA,NA,NA,NA,NA,0.058,0.166,0.224,1.749,0.280
Benchmark,53009,0.62,73.6,NA,NA,NA,NA,NA,NA,NA,0.061,0.132,0.336,1.38,0.416
Benchmark,53017,0.45,47.6,NA,NA,NA,NA,NA,NA,NA,0.049,0.127,0.383,1.713,0.298
Benchmark,54008,0.56,1124,NA,NA,NA,NA,NA,NA,NA,0.058,0.115,0.316,1.095,0.337
Benchmark,54018,0.51,168.6,NA,NA,NA,NA,NA,NA,NA,0.059,0.146,0.369,1.283,0.320
Benchmark,54025,0.41,53.3,NA,NA,NA,NA,NA,NA,NA,0.019,0.11,0.404,1.097,0.457
Benchmark,54034,0.41,44.3,NA,NA,NA,NA,NA,NA,NA,0.056,0.126,0.532,1.049,0.303
Benchmark,54036,0.56,87.6,NA,NA,NA,NA,NA,NA,NA,0.051,0.103,0.429,0.598,0.352
Benchmark,55014,0.65,202.6,NA,NA,NA,NA,NA,NA,NA,0.056,0.116,0.211,0.973,0.405
Benchmark,55016,0.38,357.8,NA,NA,NA,NA,NA,NA,NA,0.075,0.109,0.391,1.328,0.425
Benchmark,55026,0.37,172.1,NA,NA,NA,NA,NA,NA,NA,0.05,0.093,0.502,1.078,0.603
Benchmark,55029,0.51,355,NA,NA,NA,NA,NA,NA,NA,0.046,0.081,0.414,1.315,0.378
Benchmark,56013,0.45,63.6,NA,NA,NA,NA,NA,NA,NA,0.09,0.127,0.398,1.201,0.500
Benchmark,57004,0.4,103.3,NA,NA,NA,NA,NA,NA,NA,-0.009,0.142,0.601,1.143,0.590
Benchmark,60002,0.42,298.8,NA,NA,NA,NA,NA,NA,NA,0.088,0.107,0.502,1.194,0.558
Benchmark,60003,0.55,216.4,NA,NA,NA,NA,NA,NA,NA,0.12,0.089,0.349,1.079,0.496
Benchmark,62001,0.54,898,NA,NA,NA,NA,NA,NA,NA,0.094,0.121,0.33,1.083,0.496
Benchmark,65001,0.32,67.3,NA,NA,NA,NA,NA,NA,NA,0.069,0.089,0.684,0.901,0.794
Benchmark,65005,0.54,15.6,NA,NA,NA,NA,NA,NA,NA,0.175,0.108,0.397,1.156,0.564
Benchmark,66004,0.82,63.2,NA,NA,NA,NA,NA,NA,NA,-0.025,0.144,0.343,0.665,0.475
Benchmark,67018,0.28,53.8,NA,NA,NA,NA,NA,NA,NA,0.084,0.127,0.741,1.185,0.722
Benchmark,68005,0.52,202,NA,NA,NA,NA,NA,NA,NA,0.057,0.17,0.308,1.606,0.310
Benchmark,71004,0.42,316.8,NA,NA,NA,NA,NA,NA,NA,0.095,0.212,0.697,1,0.596
Benchmark,72005,0.32,219.2,NA,NA,NA,NA,NA,NA,NA,0.131,0.132,0.718,1.385,0.632
Benchmark,72014,0.35,28.3,NA,NA,NA,NA,NA,NA,NA,-0.001,0.117,0.589,1.322,0.534
Benchmark,73005,0.42,212.2,NA,NA,NA,NA,NA,NA,NA,0.052,0.129,0.625,1.182,0.649
Benchmark,73011,0.38,65.4,NA,NA,NA,NA,NA,NA,NA,0.029,0.111,0.591,1.339,0.607
Benchmark,75017,0.5,103.3,NA,NA,NA,NA,NA,NA,NA,0.044,0.114,0.424,1.37,0.464
Benchmark,76014,0.26,66.7,NA,NA,NA,NA,NA,NA,NA,0.094,0.121,0.718,1.3,0.582
Benchmark,77004,0.3,69.9,NA,NA,NA,NA,NA,NA,NA,0.016,0.144,0.652,1.236,0.561
Benchmark,78004,0.27,73.5,NA,NA,NA,NA,NA,NA,NA,0.109,0.111,0.685,1.226,0.610
Benchmark,79004,0.31,142.6,NA,NA,NA,NA,NA,NA,NA,0.017,0.109,0.646,1.111,0.634
Benchmark,81002,0.28,385.5,NA,NA,NA,NA,NA,NA,NA,-0.084,0.109,0.658,1.182,0.700
Benchmark,81004,0.33,318.9,NA,NA,NA,NA,NA,NA,NA,0.018,0.116,0.497,1.409,0.553
Benchmark,83006,0.31,573,NA,NA,NA,NA,NA,NA,NA,0.008,0.164,0.655,1.226,0.547
Benchmark,83010,0.29,76.2,NA,NA,NA,NA,NA,NA,NA,-0.003,0.145,0.694,1.234,0.629
Benchmark,84022,0.43,111.6,NA,NA,NA,NA,NA,NA,NA,-0.02,0.108,0.537,0.884,0.581
Benchmark,85003,0.16,80.2,NA,NA,NA,NA,NA,NA,NA,-0.098,0.135,0.85,1.027,0.802
Benchmark,93001,0.26,139.4,NA,NA,NA,NA,NA,NA,NA,0.01,0.146,0.801,1.068,0.830
Benchmark,94001,0.64,436.6,NA,NA,NA,NA,NA,NA,NA,0.075,0.135,0.521,1.024,0.793
Benchmark,95001,0.65,138.5,NA,NA,NA,NA,NA,NA,NA,0.005,0.107,0.457,1.076,0.819
Benchmark,96002,0.43,474,NA,NA,NA,NA,NA,NA,NA,0.035,0.119,0.475,1.219,0.601
